,img,V,A,frame_id
0,132-30-426x240/00001.jpg,0.0,0.0,00001
1,132-30-426x240/00002.jpg,0.0,0.0,00002
2,132-30-426x240/00003.jpg,0.0,0.0,00003
3,132-30-426x240/00004.jpg,0.0,0.0,00004
4,132-30-426x240/00005.jpg,0.0,0.0,00005
5,132-30-426x240/00006.jpg,0.0,0.0,00006
6,132-30-426x240/00007.jpg,0.0,0.0,00007
7,132-30-426x240/00008.jpg,0.0,0.0,00008
8,132-30-426x240/00009.jpg,0.0,0.0,00009
9,132-30-426x240/00010.jpg,0.0,0.0,00010
10,132-30-426x240/00011.jpg,0.0,0.0,00011
11,132-30-426x240/00012.jpg,0.0,0.0,00012
12,132-30-426x240/00013.jpg,0.0,0.0,00013
13,132-30-426x240/00014.jpg,0.0,0.0,00014
14,132-30-426x240/00015.jpg,0.0,0.0,00015
15,132-30-426x240/00016.jpg,0.0,0.0,00016
16,132-30-426x240/00017.jpg,0.0,0.0,00017
17,132-30-426x240/00018.jpg,0.0,0.0,00018
18,132-30-426x240/00019.jpg,0.0,0.0,00019
19,132-30-426x240/00020.jpg,0.0,0.0,00020
20,132-30-426x240/00021.jpg,0.0,0.0,00021
21,132-30-426x240/00022.jpg,0.0,0.0,00022
22,132-30-426x240/00023.jpg,0.0,0.0,00023
23,132-30-426x240/00024.jpg,0.0,0.0,00024
24,132-30-426x240/00025.jpg,0.0,0.0,00025
25,132-30-426x240/00026.jpg,0.0,0.0,00026
26,132-30-426x240/00027.jpg,0.0,0.0,00027
27,132-30-426x240/00028.jpg,0.0,0.0,00028
28,132-30-426x240/00029.jpg,0.0,0.0,00029
29,132-30-426x240/00030.jpg,0.0,0.0,00030
30,132-30-426x240/00031.jpg,0.0,0.0,00031
31,132-30-426x240/00032.jpg,0.0,0.0,00032
32,132-30-426x240/00033.jpg,0.0,0.0,00033
33,132-30-426x240/00034.jpg,0.0,0.0,00034
34,132-30-426x240/00035.jpg,-0.068,0.0,00035
35,132-30-426x240/00036.jpg,-0.301,0.0,00036
36,132-30-426x240/00037.jpg,-0.487,0.0,00037
37,132-30-426x240/00038.jpg,-0.503,0.0,00038
38,132-30-426x240/00039.jpg,-0.503,0.0,00039
39,132-30-426x240/00040.jpg,-0.503,0.0,00040
40,132-30-426x240/00041.jpg,-0.503,0.022,00041
41,132-30-426x240/00042.jpg,-0.471,0.038,00042
42,132-30-426x240/00043.jpg,-0.455,0.038,00043
43,132-30-426x240/00044.jpg,-0.455,0.054,00044
44,132-30-426x240/00045.jpg,-0.455,0.054,00045
45,132-30-426x240/00046.jpg,-0.455,0.054,00046
46,132-30-426x240/00047.jpg,-0.455,0.054,00047
47,132-30-426x240/00048.jpg,-0.455,0.077,00048
48,132-30-426x240/00049.jpg,-0.455,0.097,00049
49,132-30-426x240/00050.jpg,-0.455,0.097,00050
50,132-30-426x240/00051.jpg,-0.455,0.131,00051
51,132-30-426x240/00052.jpg,-0.455,0.131,00052
52,132-30-426x240/00053.jpg,-0.455,0.207,00053
53,132-30-426x240/00054.jpg,-0.455,0.247,00054
54,132-30-426x240/00055.jpg,-0.455,0.279,00055
55,132-30-426x240/00056.jpg,-0.455,0.29,00056
56,132-30-426x240/00057.jpg,-0.455,0.29,00057
57,132-30-426x240/00058.jpg,-0.455,0.314,00058
58,132-30-426x240/00059.jpg,-0.455,0.314,00059
59,132-30-426x240/00060.jpg,-0.455,0.33,00060
60,132-30-426x240/00061.jpg,-0.455,0.33,00061
61,132-30-426x240/00062.jpg,-0.455,0.346,00062
62,132-30-426x240/00063.jpg,-0.455,0.377,00063
63,132-30-426x240/00064.jpg,-0.455,0.401,00064
64,132-30-426x240/00065.jpg,-0.455,0.417,00065
65,132-30-426x240/00066.jpg,-0.455,0.44,00066
66,132-30-426x240/00067.jpg,-0.455,0.456,00067
67,132-30-426x240/00068.jpg,-0.455,0.472,00068
68,132-30-426x240/00069.jpg,-0.455,0.495,00069
69,132-30-426x240/00070.jpg,-0.455,0.507,00070
70,132-30-426x240/00071.jpg,-0.487,0.511,00071
71,132-30-426x240/00072.jpg,-0.487,0.551,00072
72,132-30-426x240/00073.jpg,-0.487,0.567,00073
73,132-30-426x240/00074.jpg,-0.487,0.567,00074
74,132-30-426x240/00075.jpg,-0.487,0.567,00075
75,132-30-426x240/00076.jpg,-0.487,0.567,00076
76,132-30-426x240/00077.jpg,-0.487,0.582,00077
77,132-30-426x240/00078.jpg,-0.503,0.606,00078
78,132-30-426x240/00079.jpg,-0.535,0.606,00079
79,132-30-426x240/00080.jpg,-0.55,0.622,00080
80,132-30-426x240/00081.jpg,-0.55,0.622,00081
81,132-30-426x240/00082.jpg,-0.55,0.638,00082
82,132-30-426x240/00083.jpg,-0.55,0.638,00083
83,132-30-426x240/00084.jpg,-0.55,0.638,00084
84,132-30-426x240/00085.jpg,-0.55,0.638,00085
85,132-30-426x240/00086.jpg,-0.55,0.638,00086
86,132-30-426x240/00087.jpg,-0.55,0.638,00087
87,132-30-426x240/00088.jpg,-0.55,0.638,00088
88,132-30-426x240/00089.jpg,-0.566,0.638,00089
89,132-30-426x240/00090.jpg,-0.566,0.638,00090
90,132-30-426x240/00091.jpg,-0.582,0.638,00091
91,132-30-426x240/00092.jpg,-0.614,0.638,00092
92,132-30-426x240/00093.jpg,-0.645,0.638,00093
93,132-30-426x240/00094.jpg,-0.661,0.638,00094
94,132-30-426x240/00095.jpg,-0.661,0.638,00095
95,132-30-426x240/00096.jpg,-0.677,0.638,00096
96,132-30-426x240/00097.jpg,-0.677,0.638,00097
97,132-30-426x240/00098.jpg,-0.693,0.638,00098
98,132-30-426x240/00099.jpg,-0.709,0.638,00099
99,132-30-426x240/00100.jpg,-0.709,0.638,00100
100,132-30-426x240/00101.jpg,-0.709,0.661,00101
101,132-30-426x240/00102.jpg,-0.709,0.689,00102
102,132-30-426x240/00103.jpg,-0.724,0.693,00103
103,132-30-426x240/00104.jpg,-0.724,0.72,00104
104,132-30-426x240/00105.jpg,-0.724,0.732,00105
105,132-30-426x240/00106.jpg,-0.74,0.732,00106
106,132-30-426x240/00107.jpg,-0.74,0.732,00107
107,132-30-426x240/00108.jpg,-0.74,0.764,00108
108,132-30-426x240/00109.jpg,-0.74,0.764,00109
109,132-30-426x240/00110.jpg,-0.74,0.764,00110
110,132-30-426x240/00111.jpg,-0.74,0.787,00111
111,132-30-426x240/00112.jpg,-0.74,0.803,00112
112,132-30-426x240/00113.jpg,-0.74,0.803,00113
113,132-30-426x240/00114.jpg,-0.74,0.819,00114
114,132-30-426x240/00115.jpg,-0.74,0.819,00115
115,132-30-426x240/00116.jpg,-0.74,0.819,00116
116,132-30-426x240/00117.jpg,-0.756,0.819,00117
117,132-30-426x240/00118.jpg,-0.756,0.843,00118
118,132-30-426x240/00119.jpg,-0.756,0.851,00119
119,132-30-426x240/00120.jpg,-0.756,0.858,00120
120,132-30-426x240/00121.jpg,-0.756,0.874,00121
121,132-30-426x240/00122.jpg,-0.768,0.898,00122
122,132-30-426x240/00123.jpg,-0.788,0.898,00123
123,132-30-426x240/00124.jpg,-0.788,0.91,00124
124,132-30-426x240/00125.jpg,-0.788,0.914,00125
125,132-30-426x240/00126.jpg,-0.788,0.929,00126
126,132-30-426x240/00127.jpg,-0.788,0.929,00127
127,132-30-426x240/00128.jpg,-0.788,0.969,00128
128,132-30-426x240/00129.jpg,-0.8,0.969,00129
129,132-30-426x240/00130.jpg,-0.804,0.969,00130
130,132-30-426x240/00131.jpg,-0.804,0.969,00131
131,132-30-426x240/00132.jpg,-0.804,0.969,00132
132,132-30-426x240/00133.jpg,-0.819,0.969,00133
133,132-30-426x240/00134.jpg,-0.819,0.969,00134
134,132-30-426x240/00135.jpg,-0.819,0.969,00135
135,132-30-426x240/00136.jpg,-0.819,0.969,00136
136,132-30-426x240/00137.jpg,-0.819,0.969,00137
137,132-30-426x240/00138.jpg,-0.819,0.969,00138
138,132-30-426x240/00139.jpg,-0.819,0.969,00139
139,132-30-426x240/00140.jpg,-0.819,0.969,00140
140,132-30-426x240/00141.jpg,-0.819,0.969,00141
141,132-30-426x240/00142.jpg,-0.819,0.969,00142
142,132-30-426x240/00143.jpg,-0.819,0.969,00143
143,132-30-426x240/00144.jpg,-0.819,0.985,00144
144,132-30-426x240/00145.jpg,-0.819,0.985,00145
145,132-30-426x240/00146.jpg,-0.819,0.985,00146
146,132-30-426x240/00147.jpg,-0.819,0.985,00147
147,132-30-426x240/00148.jpg,-0.819,0.985,00148
148,132-30-426x240/00149.jpg,-0.819,0.985,00149
149,132-30-426x240/00150.jpg,-0.819,0.985,00150
150,132-30-426x240/00151.jpg,-0.819,0.985,00151
151,132-30-426x240/00152.jpg,-0.819,0.985,00152
152,132-30-426x240/00153.jpg,-0.819,0.985,00153
153,132-30-426x240/00154.jpg,-0.835,0.985,00154
154,132-30-426x240/00155.jpg,-0.851,0.985,00155
155,132-30-426x240/00156.jpg,-0.867,0.985,00156
156,132-30-426x240/00157.jpg,-0.867,0.985,00157
157,132-30-426x240/00158.jpg,-0.867,0.926,00158
158,132-30-426x240/00159.jpg,-0.867,0.874,00159
159,132-30-426x240/00160.jpg,-0.867,0.87,00160
160,132-30-426x240/00161.jpg,-0.867,0.819,00161
161,132-30-426x240/00162.jpg,-0.867,0.787,00162
162,132-30-426x240/00163.jpg,-0.867,0.732,00163
163,132-30-426x240/00164.jpg,-0.867,0.72,00164
164,132-30-426x240/00165.jpg,-0.867,0.709,00165
165,132-30-426x240/00166.jpg,-0.867,0.709,00166
166,132-30-426x240/00167.jpg,-0.867,0.72,00167
167,132-30-426x240/00168.jpg,-0.867,0.709,00168
168,132-30-426x240/00169.jpg,-0.867,0.709,00169
169,132-30-426x240/00170.jpg,-0.867,0.714,00170
170,132-30-426x240/00171.jpg,-0.867,0.709,00171
171,132-30-426x240/00172.jpg,-0.867,0.709,00172
172,132-30-426x240/00173.jpg,-0.867,0.709,00173
173,132-30-426x240/00174.jpg,-0.867,0.709,00174
174,132-30-426x240/00175.jpg,-0.867,0.709,00175
175,132-30-426x240/00176.jpg,-0.867,0.709,00176
176,132-30-426x240/00177.jpg,-0.867,0.709,00177
177,132-30-426x240/00178.jpg,-0.867,0.709,00178
178,132-30-426x240/00179.jpg,-0.867,0.709,00179
179,132-30-426x240/00180.jpg,-0.867,0.709,00180
180,132-30-426x240/00181.jpg,-0.867,0.709,00181
181,132-30-426x240/00182.jpg,-0.867,0.74,00182
182,132-30-426x240/00183.jpg,-0.867,0.787,00183
183,132-30-426x240/00184.jpg,-0.867,0.855,00184
184,132-30-426x240/00185.jpg,-0.867,0.855,00185
185,132-30-426x240/00186.jpg,-0.867,0.874,00186
186,132-30-426x240/00187.jpg,-0.867,0.914,00187
187,132-30-426x240/00188.jpg,-0.867,0.969,00188
188,132-30-426x240/00189.jpg,-0.867,0.969,00189
189,132-30-426x240/00190.jpg,-0.867,0.969,00190
190,132-30-426x240/00191.jpg,-0.867,0.969,00191
191,132-30-426x240/00192.jpg,-0.867,0.969,00192
192,132-30-426x240/00193.jpg,-0.867,0.969,00193
193,132-30-426x240/00194.jpg,-0.883,0.969,00194
194,132-30-426x240/00195.jpg,-0.883,0.969,00195
195,132-30-426x240/00196.jpg,-0.883,0.969,00196
196,132-30-426x240/00197.jpg,-0.883,0.969,00197
197,132-30-426x240/00198.jpg,-0.907,0.969,00198
198,132-30-426x240/00199.jpg,-0.914,0.969,00199
199,132-30-426x240/00200.jpg,-0.914,0.969,00200
200,132-30-426x240/00201.jpg,-0.914,0.969,00201
201,132-30-426x240/00202.jpg,-0.93,0.969,00202
202,132-30-426x240/00203.jpg,-0.93,0.969,00203
203,132-30-426x240/00204.jpg,-0.93,0.969,00204
204,132-30-426x240/00205.jpg,-0.93,0.969,00205
205,132-30-426x240/00206.jpg,-0.93,0.969,00206
206,132-30-426x240/00207.jpg,-0.93,0.969,00207
207,132-30-426x240/00208.jpg,-0.93,0.969,00208
208,132-30-426x240/00209.jpg,-0.946,0.969,00209
209,132-30-426x240/00210.jpg,-0.946,0.969,00210
210,132-30-426x240/00211.jpg,-0.962,0.969,00211
211,132-30-426x240/00212.jpg,-0.974,0.969,00212
212,132-30-426x240/00213.jpg,-1.0,0.969,00213
213,132-30-426x240/00214.jpg,-1.0,0.969,00214
214,132-30-426x240/00215.jpg,-1.0,0.922,00215
215,132-30-426x240/00216.jpg,-1.0,0.922,00216
216,132-30-426x240/00217.jpg,-1.0,0.929,00217
217,132-30-426x240/00218.jpg,-1.0,0.929,00218
218,132-30-426x240/00219.jpg,-1.0,0.929,00219
219,132-30-426x240/00220.jpg,-1.0,0.914,00220
220,132-30-426x240/00221.jpg,-1.0,0.914,00221
221,132-30-426x240/00222.jpg,-1.0,0.914,00222
222,132-30-426x240/00223.jpg,-1.0,0.914,00223
223,132-30-426x240/00224.jpg,-1.0,0.914,00224
224,132-30-426x240/00225.jpg,-1.0,0.914,00225
225,132-30-426x240/00226.jpg,-1.0,0.914,00226
226,132-30-426x240/00227.jpg,-1.0,0.914,00227
227,132-30-426x240/00228.jpg,-1.0,0.914,00228
228,132-30-426x240/00229.jpg,-1.0,0.914,00229
229,132-30-426x240/00230.jpg,-1.0,0.914,00230
230,132-30-426x240/00231.jpg,-1.0,0.914,00231
231,132-30-426x240/00232.jpg,-1.0,0.914,00232
232,132-30-426x240/00233.jpg,-1.0,0.914,00233
233,132-30-426x240/00234.jpg,-1.0,0.914,00234
234,132-30-426x240/00235.jpg,-1.0,0.914,00235
235,132-30-426x240/00236.jpg,-1.0,0.914,00236
236,132-30-426x240/00237.jpg,-1.0,0.914,00237
237,132-30-426x240/00238.jpg,-1.0,0.914,00238
238,132-30-426x240/00239.jpg,-1.0,0.914,00239
239,132-30-426x240/00240.jpg,-1.0,0.914,00240
240,132-30-426x240/00241.jpg,-1.0,0.914,00241
241,132-30-426x240/00242.jpg,-1.0,0.914,00242
242,132-30-426x240/00243.jpg,-1.0,0.914,00243
243,132-30-426x240/00244.jpg,-1.0,0.914,00244
244,132-30-426x240/00245.jpg,-1.0,0.914,00245
245,132-30-426x240/00246.jpg,-1.0,0.914,00246
246,132-30-426x240/00247.jpg,-1.0,0.914,00247
247,132-30-426x240/00248.jpg,-1.0,0.914,00248
248,132-30-426x240/00249.jpg,-1.0,0.914,00249
249,132-30-426x240/00250.jpg,-1.0,0.914,00250
250,132-30-426x240/00251.jpg,-1.0,0.914,00251
251,132-30-426x240/00252.jpg,-1.0,0.929,00252
252,132-30-426x240/00253.jpg,-1.0,0.929,00253
253,132-30-426x240/00254.jpg,-1.0,0.929,00254
254,132-30-426x240/00255.jpg,-1.0,0.929,00255
255,132-30-426x240/00256.jpg,-1.0,0.929,00256
256,132-30-426x240/00257.jpg,-1.0,0.929,00257
257,132-30-426x240/00258.jpg,-1.0,0.929,00258
258,132-30-426x240/00259.jpg,-1.0,0.929,00259
259,132-30-426x240/00260.jpg,-1.0,0.929,00260
260,132-30-426x240/00261.jpg,-1.0,0.929,00261
261,132-30-426x240/00262.jpg,-1.0,0.929,00262
262,132-30-426x240/00263.jpg,-1.0,0.929,00263
263,132-30-426x240/00264.jpg,-1.0,0.929,00264
264,132-30-426x240/00265.jpg,-1.0,0.929,00265
265,132-30-426x240/00266.jpg,-1.0,0.929,00266
266,132-30-426x240/00267.jpg,-1.0,0.929,00267
267,132-30-426x240/00268.jpg,-1.0,0.929,00268
268,132-30-426x240/00269.jpg,-1.0,0.929,00269
269,132-30-426x240/00270.jpg,-1.0,0.929,00270
270,132-30-426x240/00271.jpg,-1.0,0.929,00271
271,132-30-426x240/00272.jpg,-1.0,0.929,00272
272,132-30-426x240/00273.jpg,-1.0,0.929,00273
273,132-30-426x240/00274.jpg,-1.0,0.929,00274
274,132-30-426x240/00275.jpg,-1.0,0.941,00275
275,132-30-426x240/00276.jpg,-1.0,0.929,00276
276,132-30-426x240/00277.jpg,-1.0,0.929,00277
277,132-30-426x240/00278.jpg,-1.0,0.929,00278
278,132-30-426x240/00279.jpg,-1.0,0.929,00279
279,132-30-426x240/00280.jpg,-0.958,0.929,00280
280,132-30-426x240/00281.jpg,-0.914,0.929,00281
281,132-30-426x240/00282.jpg,-0.914,0.929,00282
282,132-30-426x240/00283.jpg,-0.914,0.929,00283
283,132-30-426x240/00284.jpg,-0.914,0.929,00284
284,132-30-426x240/00285.jpg,-0.914,0.935,00285
285,132-30-426x240/00286.jpg,-0.914,0.929,00286
286,132-30-426x240/00287.jpg,-0.914,0.929,00287
287,132-30-426x240/00288.jpg,-0.914,0.929,00288
288,132-30-426x240/00289.jpg,-0.914,0.914,00289
289,132-30-426x240/00290.jpg,-0.914,0.914,00290
290,132-30-426x240/00291.jpg,-0.914,0.914,00291
291,132-30-426x240/00292.jpg,-0.914,0.914,00292
292,132-30-426x240/00293.jpg,-0.914,0.914,00293
293,132-30-426x240/00294.jpg,-0.914,0.914,00294
294,132-30-426x240/00295.jpg,-0.914,0.914,00295
295,132-30-426x240/00296.jpg,-0.914,0.898,00296
296,132-30-426x240/00297.jpg,-0.914,0.898,00297
297,132-30-426x240/00298.jpg,-0.914,0.898,00298
298,132-30-426x240/00299.jpg,-0.914,0.898,00299
299,132-30-426x240/00300.jpg,-0.914,0.898,00300
300,132-30-426x240/00301.jpg,-0.914,0.898,00301
301,132-30-426x240/00302.jpg,-0.914,0.898,00302
302,132-30-426x240/00303.jpg,-0.914,0.898,00303
303,132-30-426x240/00304.jpg,-0.914,0.898,00304
304,132-30-426x240/00305.jpg,-0.914,0.898,00305
305,132-30-426x240/00306.jpg,-0.914,0.898,00306
306,132-30-426x240/00307.jpg,-0.914,0.898,00307
307,132-30-426x240/00308.jpg,-0.914,0.898,00308
308,132-30-426x240/00309.jpg,-0.914,0.898,00309
309,132-30-426x240/00310.jpg,-0.914,0.898,00310
310,132-30-426x240/00311.jpg,-0.914,0.898,00311
311,132-30-426x240/00312.jpg,-0.914,0.898,00312
312,132-30-426x240/00313.jpg,-0.914,0.898,00313
313,132-30-426x240/00314.jpg,-0.914,0.898,00314
314,132-30-426x240/00315.jpg,-0.914,0.898,00315
315,132-30-426x240/00316.jpg,-0.914,0.898,00316
316,132-30-426x240/00317.jpg,-0.914,0.898,00317
317,132-30-426x240/00318.jpg,-0.914,0.898,00318
318,132-30-426x240/00319.jpg,-0.914,0.898,00319
319,132-30-426x240/00320.jpg,-0.914,0.898,00320
320,132-30-426x240/00321.jpg,-0.914,0.898,00321
321,132-30-426x240/00322.jpg,-0.914,0.898,00322
322,132-30-426x240/00323.jpg,-0.914,0.898,00323
323,132-30-426x240/00324.jpg,-0.914,0.898,00324
324,132-30-426x240/00325.jpg,-0.914,0.898,00325
325,132-30-426x240/00326.jpg,-0.914,0.898,00326
326,132-30-426x240/00327.jpg,-0.914,0.898,00327
327,132-30-426x240/00328.jpg,-0.914,0.898,00328
328,132-30-426x240/00329.jpg,-0.914,0.898,00329
329,132-30-426x240/00330.jpg,-0.914,0.874,00330
330,132-30-426x240/00331.jpg,-0.914,0.874,00331
331,132-30-426x240/00332.jpg,-0.914,0.858,00332
332,132-30-426x240/00333.jpg,-0.914,0.843,00333
333,132-30-426x240/00334.jpg,-0.914,0.756,00334
334,132-30-426x240/00335.jpg,-0.914,0.618,00335
335,132-30-426x240/00336.jpg,-0.914,0.618,00336
336,132-30-426x240/00337.jpg,-0.914,0.519,00337
337,132-30-426x240/00338.jpg,-0.914,0.314,00338
338,132-30-426x240/00339.jpg,-0.914,0.136,00339
339,132-30-426x240/00340.jpg,-0.914,0.06,00340
340,132-30-426x240/00341.jpg,-0.823,0.022,00341
341,132-30-426x240/00342.jpg,-0.511,0.022,00342
342,132-30-426x240/00343.jpg,-0.321,0.022,00343
343,132-30-426x240/00344.jpg,-0.107,0.022,00344
344,132-30-426x240/00345.jpg,-0.076,0.022,00345
345,132-30-426x240/00346.jpg,-0.076,0.022,00346
346,132-30-426x240/00347.jpg,-0.076,0.022,00347
347,132-30-426x240/00348.jpg,-0.076,0.022,00348
348,132-30-426x240/00349.jpg,-0.076,0.022,00349
349,132-30-426x240/00350.jpg,-0.076,0.022,00350
350,132-30-426x240/00351.jpg,-0.076,0.022,00351
351,132-30-426x240/00352.jpg,-0.076,0.022,00352
352,132-30-426x240/00353.jpg,-0.076,0.022,00353
353,132-30-426x240/00354.jpg,-0.076,0.022,00354
354,132-30-426x240/00355.jpg,-0.076,0.022,00355
355,132-30-426x240/00356.jpg,-0.076,0.022,00356
356,132-30-426x240/00357.jpg,-0.056,0.0,00357
357,132-30-426x240/00358.jpg,0.0,0.0,00358
358,132-30-426x240/00359.jpg,0.0,0.0,00359
359,132-30-426x240/00360.jpg,0.0,0.0,00360
360,132-30-426x240/00361.jpg,0.0,0.0,00361
361,132-30-426x240/00362.jpg,0.0,0.0,00362
362,132-30-426x240/00363.jpg,0.0,0.0,00363
363,132-30-426x240/00364.jpg,0.0,0.0,00364
364,132-30-426x240/00365.jpg,-0.091,0.0,00365
365,132-30-426x240/00366.jpg,-0.301,0.109,00366
366,132-30-426x240/00367.jpg,-0.451,0.219,00367
367,132-30-426x240/00368.jpg,-0.633,0.282,00368
368,132-30-426x240/00369.jpg,-0.724,0.357,00369
369,132-30-426x240/00370.jpg,-0.796,0.405,00370
370,132-30-426x240/00371.jpg,-0.851,0.622,00371
371,132-30-426x240/00372.jpg,-0.875,0.622,00372
372,132-30-426x240/00373.jpg,-0.899,0.677,00373
373,132-30-426x240/00374.jpg,-0.914,0.72,00374
374,132-30-426x240/00375.jpg,-0.93,0.732,00375
375,132-30-426x240/00376.jpg,-0.946,0.764,00376
376,132-30-426x240/00377.jpg,-0.946,0.764,00377
377,132-30-426x240/00378.jpg,-0.946,0.782,00378
378,132-30-426x240/00379.jpg,-0.946,0.787,00379
379,132-30-426x240/00380.jpg,-0.946,0.803,00380
380,132-30-426x240/00381.jpg,-0.946,0.803,00381
381,132-30-426x240/00382.jpg,-0.946,0.843,00382
382,132-30-426x240/00383.jpg,-0.946,0.866,00383
383,132-30-426x240/00384.jpg,-0.946,0.892,00384
384,132-30-426x240/00385.jpg,-0.946,0.892,00385
385,132-30-426x240/00386.jpg,-0.946,0.898,00386
386,132-30-426x240/00387.jpg,-0.946,0.914,00387
387,132-30-426x240/00388.jpg,-0.946,0.929,00388
388,132-30-426x240/00389.jpg,-0.946,0.953,00389
389,132-30-426x240/00390.jpg,-0.946,0.953,00390
390,132-30-426x240/00391.jpg,-0.946,0.953,00391
391,132-30-426x240/00392.jpg,-0.946,0.953,00392
392,132-30-426x240/00393.jpg,-0.946,0.953,00393
393,132-30-426x240/00394.jpg,-0.946,0.953,00394
394,132-30-426x240/00395.jpg,-0.946,0.953,00395
395,132-30-426x240/00396.jpg,-0.962,0.953,00396
396,132-30-426x240/00397.jpg,-0.962,0.953,00397
397,132-30-426x240/00398.jpg,-0.978,0.953,00398
398,132-30-426x240/00399.jpg,-0.978,0.961,00399
399,132-30-426x240/00400.jpg,-0.978,0.985,00400
400,132-30-426x240/00401.jpg,-0.978,0.985,00401
401,132-30-426x240/00402.jpg,-0.978,0.985,00402
402,132-30-426x240/00403.jpg,-0.978,0.985,00403
403,132-30-426x240/00404.jpg,-0.978,0.985,00404
404,132-30-426x240/00405.jpg,-0.978,0.985,00405
405,132-30-426x240/00406.jpg,-0.978,0.985,00406
406,132-30-426x240/00407.jpg,-0.978,0.985,00407
407,132-30-426x240/00408.jpg,-0.978,0.985,00408
408,132-30-426x240/00409.jpg,-0.978,0.985,00409
409,132-30-426x240/00410.jpg,-0.978,0.985,00410
410,132-30-426x240/00411.jpg,-0.978,0.985,00411
411,132-30-426x240/00412.jpg,-0.978,0.985,00412
412,132-30-426x240/00413.jpg,-0.978,0.985,00413
413,132-30-426x240/00414.jpg,-0.978,0.985,00414
414,132-30-426x240/00415.jpg,-0.978,0.985,00415
415,132-30-426x240/00416.jpg,-0.978,0.985,00416
416,132-30-426x240/00417.jpg,-0.978,0.985,00417
417,132-30-426x240/00418.jpg,-0.978,0.985,00418
418,132-30-426x240/00419.jpg,-0.978,0.985,00419
419,132-30-426x240/00420.jpg,-0.978,0.985,00420
420,132-30-426x240/00421.jpg,-0.978,0.985,00421
421,132-30-426x240/00422.jpg,-0.978,0.985,00422
422,132-30-426x240/00423.jpg,-0.978,0.985,00423
423,132-30-426x240/00424.jpg,-0.978,0.985,00424
424,132-30-426x240/00425.jpg,-0.978,0.985,00425
425,132-30-426x240/00426.jpg,-0.978,0.985,00426
426,132-30-426x240/00427.jpg,-0.978,0.985,00427
427,132-30-426x240/00428.jpg,-0.978,0.985,00428
428,132-30-426x240/00429.jpg,-0.978,0.985,00429
429,132-30-426x240/00430.jpg,-0.978,0.985,00430
430,132-30-426x240/00431.jpg,-0.978,0.985,00431
431,132-30-426x240/00432.jpg,-0.978,0.985,00432
432,132-30-426x240/00433.jpg,-0.978,0.985,00433
433,132-30-426x240/00434.jpg,-0.978,0.985,00434
434,132-30-426x240/00435.jpg,-0.978,0.985,00435
435,132-30-426x240/00436.jpg,-0.978,0.985,00436
436,132-30-426x240/00437.jpg,-0.978,0.985,00437
437,132-30-426x240/00438.jpg,-0.978,0.985,00438
438,132-30-426x240/00439.jpg,-0.978,0.985,00439
439,132-30-426x240/00440.jpg,-0.978,0.985,00440
440,132-30-426x240/00441.jpg,-0.978,0.985,00441
441,132-30-426x240/00442.jpg,-0.978,0.985,00442
442,132-30-426x240/00443.jpg,-0.978,0.985,00443
443,132-30-426x240/00444.jpg,-0.978,0.985,00444
444,132-30-426x240/00445.jpg,-0.978,0.985,00445
445,132-30-426x240/00446.jpg,-0.978,0.985,00446
446,132-30-426x240/00447.jpg,-0.978,0.985,00447
447,132-30-426x240/00448.jpg,-0.978,0.985,00448
448,132-30-426x240/00449.jpg,-0.978,0.985,00449
449,132-30-426x240/00450.jpg,-0.978,0.985,00450
450,132-30-426x240/00451.jpg,-0.978,0.985,00451
451,132-30-426x240/00452.jpg,-0.978,0.985,00452
452,132-30-426x240/00453.jpg,-0.978,0.985,00453
453,132-30-426x240/00454.jpg,-0.978,0.985,00454
454,132-30-426x240/00455.jpg,-0.978,0.985,00455
455,132-30-426x240/00456.jpg,-0.978,0.985,00456
456,132-30-426x240/00457.jpg,-0.978,0.985,00457
457,132-30-426x240/00458.jpg,-0.978,0.985,00458
458,132-30-426x240/00459.jpg,-0.978,0.985,00459
459,132-30-426x240/00460.jpg,-0.978,0.985,00460
460,132-30-426x240/00461.jpg,-0.978,0.985,00461
461,132-30-426x240/00462.jpg,-0.978,0.985,00462
462,132-30-426x240/00463.jpg,-0.978,0.985,00463
463,132-30-426x240/00464.jpg,-0.978,0.985,00464
464,132-30-426x240/00465.jpg,-0.978,0.985,00465
465,132-30-426x240/00466.jpg,-0.978,0.985,00466
466,132-30-426x240/00467.jpg,-0.978,0.985,00467
467,132-30-426x240/00468.jpg,-0.978,0.985,00468
468,132-30-426x240/00469.jpg,-0.978,0.985,00469
469,132-30-426x240/00470.jpg,-0.978,0.953,00470
470,132-30-426x240/00471.jpg,-0.978,0.953,00471
471,132-30-426x240/00472.jpg,-0.978,0.953,00472
472,132-30-426x240/00473.jpg,-0.978,0.953,00473
473,132-30-426x240/00474.jpg,-0.978,0.953,00474
474,132-30-426x240/00475.jpg,-0.978,0.953,00475
475,132-30-426x240/00476.jpg,-0.978,0.953,00476
476,132-30-426x240/00477.jpg,-0.978,0.953,00477
477,132-30-426x240/00478.jpg,-0.978,0.929,00478
478,132-30-426x240/00479.jpg,-0.978,0.914,00479
479,132-30-426x240/00480.jpg,-0.978,0.831,00480
480,132-30-426x240/00481.jpg,-0.978,0.665,00481
481,132-30-426x240/00482.jpg,-0.978,0.549,00482
482,132-30-426x240/00483.jpg,-0.978,0.105,00483
483,132-30-426x240/00484.jpg,-0.978,0.042,00484
484,132-30-426x240/00485.jpg,-0.978,0.038,00485
485,132-30-426x240/00486.jpg,-0.978,0.152,00486
486,132-30-426x240/00487.jpg,-0.978,0.235,00487
487,132-30-426x240/00488.jpg,-0.978,0.259,00488
488,132-30-426x240/00489.jpg,-0.978,0.29,00489
489,132-30-426x240/00490.jpg,-0.899,0.29,00490
490,132-30-426x240/00491.jpg,-0.78,0.29,00491
491,132-30-426x240/00492.jpg,-0.527,0.29,00492
492,132-30-426x240/00493.jpg,-0.444,0.29,00493
493,132-30-426x240/00494.jpg,-0.38,0.247,00494
494,132-30-426x240/00495.jpg,-0.36,0.16,00495
495,132-30-426x240/00496.jpg,-0.357,0.125,00496
496,132-30-426x240/00497.jpg,-0.345,0.142,00497
497,132-30-426x240/00498.jpg,-0.408,0.148,00498
498,132-30-426x240/00499.jpg,-0.432,0.204,00499
499,132-30-426x240/00500.jpg,-0.467,0.275,00500
500,132-30-426x240/00501.jpg,-0.467,0.357,00501
501,132-30-426x240/00502.jpg,-0.487,0.484,00502
502,132-30-426x240/00503.jpg,-0.539,0.511,00503
503,132-30-426x240/00504.jpg,-0.61,0.551,00504
504,132-30-426x240/00505.jpg,-0.673,0.567,00505
505,132-30-426x240/00506.jpg,-0.721,0.567,00506
506,132-30-426x240/00507.jpg,-0.752,0.567,00507
507,132-30-426x240/00508.jpg,-0.788,0.582,00508
508,132-30-426x240/00509.jpg,-0.796,0.606,00509
509,132-30-426x240/00510.jpg,-0.804,0.618,00510
510,132-30-426x240/00511.jpg,-0.819,0.638,00511
511,132-30-426x240/00512.jpg,-0.867,0.638,00512
512,132-30-426x240/00513.jpg,-0.867,0.638,00513
513,132-30-426x240/00514.jpg,-0.867,0.665,00514
514,132-30-426x240/00515.jpg,-0.867,0.677,00515
515,132-30-426x240/00516.jpg,-0.875,0.693,00516
516,132-30-426x240/00517.jpg,-0.883,0.732,00517
517,132-30-426x240/00518.jpg,-0.883,0.764,00518
518,132-30-426x240/00519.jpg,-0.883,0.787,00519
519,132-30-426x240/00520.jpg,-0.883,0.803,00520
520,132-30-426x240/00521.jpg,-0.883,0.803,00521
521,132-30-426x240/00522.jpg,-0.883,0.803,00522
522,132-30-426x240/00523.jpg,-0.883,0.803,00523
523,132-30-426x240/00524.jpg,-0.883,0.803,00524
524,132-30-426x240/00525.jpg,-0.883,0.803,00525
525,132-30-426x240/00526.jpg,-0.883,0.819,00526
526,132-30-426x240/00527.jpg,-0.883,0.819,00527
527,132-30-426x240/00528.jpg,-0.883,0.843,00528
528,132-30-426x240/00529.jpg,-0.883,0.858,00529
529,132-30-426x240/00530.jpg,-0.883,0.858,00530
530,132-30-426x240/00531.jpg,-0.883,0.874,00531
531,132-30-426x240/00532.jpg,-0.883,0.874,00532
532,132-30-426x240/00533.jpg,-0.883,0.874,00533
533,132-30-426x240/00534.jpg,-0.883,0.874,00534
534,132-30-426x240/00535.jpg,-0.883,0.874,00535
535,132-30-426x240/00536.jpg,-0.883,0.874,00536
536,132-30-426x240/00537.jpg,-0.883,0.874,00537
537,132-30-426x240/00538.jpg,-0.883,0.874,00538
538,132-30-426x240/00539.jpg,-0.883,0.874,00539
539,132-30-426x240/00540.jpg,-0.883,0.874,00540
540,132-30-426x240/00541.jpg,-0.883,0.874,00541
541,132-30-426x240/00542.jpg,-0.883,0.874,00542
542,132-30-426x240/00543.jpg,-0.883,0.874,00543
543,132-30-426x240/00544.jpg,-0.883,0.874,00544
544,132-30-426x240/00545.jpg,-0.883,0.874,00545
545,132-30-426x240/00546.jpg,-0.883,0.874,00546
546,132-30-426x240/00547.jpg,-0.883,0.874,00547
547,132-30-426x240/00548.jpg,-0.883,0.874,00548
548,132-30-426x240/00549.jpg,-0.883,0.874,00549
549,132-30-426x240/00550.jpg,-0.883,0.874,00550
550,132-30-426x240/00551.jpg,-0.883,0.874,00551
551,132-30-426x240/00552.jpg,-0.883,0.874,00552
552,132-30-426x240/00553.jpg,-0.883,0.874,00553
553,132-30-426x240/00554.jpg,-0.883,0.874,00554
554,132-30-426x240/00555.jpg,-0.883,0.874,00555
555,132-30-426x240/00556.jpg,-0.883,0.874,00556
556,132-30-426x240/00557.jpg,-0.883,0.874,00557
557,132-30-426x240/00558.jpg,-0.883,0.874,00558
558,132-30-426x240/00559.jpg,-0.883,0.874,00559
559,132-30-426x240/00560.jpg,-0.792,0.874,00560
560,132-30-426x240/00561.jpg,-0.669,0.874,00561
561,132-30-426x240/00562.jpg,-0.614,0.874,00562
562,132-30-426x240/00563.jpg,-0.614,0.874,00563
563,132-30-426x240/00564.jpg,-0.614,0.874,00564
564,132-30-426x240/00565.jpg,-0.669,0.874,00565
565,132-30-426x240/00566.jpg,-0.709,0.874,00566
566,132-30-426x240/00567.jpg,-0.724,0.874,00567
567,132-30-426x240/00568.jpg,-0.756,0.874,00568
568,132-30-426x240/00569.jpg,-0.756,0.874,00569
569,132-30-426x240/00570.jpg,-0.772,0.874,00570
570,132-30-426x240/00571.jpg,-0.788,0.874,00571
571,132-30-426x240/00572.jpg,-0.788,0.874,00572
572,132-30-426x240/00573.jpg,-0.835,0.886,00573
573,132-30-426x240/00574.jpg,-0.867,0.898,00574
574,132-30-426x240/00575.jpg,-0.867,0.914,00575
575,132-30-426x240/00576.jpg,-0.875,0.929,00576
576,132-30-426x240/00577.jpg,-0.883,0.929,00577
577,132-30-426x240/00578.jpg,-0.883,0.947,00578
578,132-30-426x240/00579.jpg,-0.883,0.947,00579
579,132-30-426x240/00580.jpg,-0.883,0.929,00580
580,132-30-426x240/00581.jpg,-0.883,0.941,00581
581,132-30-426x240/00582.jpg,-0.883,0.953,00582
582,132-30-426x240/00583.jpg,-0.883,0.953,00583
583,132-30-426x240/00584.jpg,-0.899,0.947,00584
584,132-30-426x240/00585.jpg,-0.914,0.953,00585
585,132-30-426x240/00586.jpg,-0.922,0.953,00586
586,132-30-426x240/00587.jpg,-0.922,0.953,00587
587,132-30-426x240/00588.jpg,-0.93,0.953,00588
588,132-30-426x240/00589.jpg,-0.962,0.953,00589
589,132-30-426x240/00590.jpg,-0.978,0.985,00590
590,132-30-426x240/00591.jpg,-1.0,0.985,00591
591,132-30-426x240/00592.jpg,-1.0,0.985,00592
592,132-30-426x240/00593.jpg,-1.0,0.985,00593
593,132-30-426x240/00594.jpg,-1.0,0.985,00594
594,132-30-426x240/00595.jpg,-1.0,0.985,00595
595,132-30-426x240/00596.jpg,-1.0,0.985,00596
596,132-30-426x240/00597.jpg,-1.0,0.985,00597
597,132-30-426x240/00598.jpg,-1.0,0.985,00598
598,132-30-426x240/00599.jpg,-1.0,0.985,00599
599,132-30-426x240/00600.jpg,-1.0,0.985,00600
600,132-30-426x240/00601.jpg,-1.0,0.985,00601
601,132-30-426x240/00602.jpg,-1.0,0.985,00602
602,132-30-426x240/00603.jpg,-1.0,0.985,00603
603,132-30-426x240/00604.jpg,-1.0,0.985,00604
604,132-30-426x240/00605.jpg,-1.0,0.985,00605
605,132-30-426x240/00606.jpg,-1.0,0.985,00606
606,132-30-426x240/00607.jpg,-1.0,0.985,00607
607,132-30-426x240/00608.jpg,-1.0,0.985,00608
608,132-30-426x240/00609.jpg,-1.0,0.985,00609
609,132-30-426x240/00610.jpg,-1.0,0.985,00610
610,132-30-426x240/00611.jpg,-1.0,0.985,00611
611,132-30-426x240/00612.jpg,-1.0,0.953,00612
612,132-30-426x240/00613.jpg,-1.0,0.953,00613
613,132-30-426x240/00614.jpg,-1.0,0.929,00614
614,132-30-426x240/00615.jpg,-1.0,0.929,00615
615,132-30-426x240/00616.jpg,-1.0,0.929,00616
616,132-30-426x240/00617.jpg,-1.0,0.929,00617
617,132-30-426x240/00618.jpg,-1.0,0.914,00618
618,132-30-426x240/00619.jpg,-1.0,0.914,00619
619,132-30-426x240/00620.jpg,-1.0,0.902,00620
620,132-30-426x240/00621.jpg,-1.0,0.898,00621
621,132-30-426x240/00622.jpg,-1.0,0.898,00622
622,132-30-426x240/00623.jpg,-1.0,0.898,00623
623,132-30-426x240/00624.jpg,-1.0,0.898,00624
624,132-30-426x240/00625.jpg,-1.0,0.898,00625
625,132-30-426x240/00626.jpg,-1.0,0.898,00626
626,132-30-426x240/00627.jpg,-1.0,0.898,00627
627,132-30-426x240/00628.jpg,-1.0,0.898,00628
628,132-30-426x240/00629.jpg,-1.0,0.898,00629
629,132-30-426x240/00630.jpg,-1.0,0.898,00630
630,132-30-426x240/00631.jpg,-1.0,0.898,00631
631,132-30-426x240/00632.jpg,-1.0,0.898,00632
632,132-30-426x240/00633.jpg,-1.0,0.898,00633
633,132-30-426x240/00634.jpg,-1.0,0.898,00634
634,132-30-426x240/00635.jpg,-1.0,0.898,00635
635,132-30-426x240/00636.jpg,-1.0,0.898,00636
636,132-30-426x240/00637.jpg,-1.0,0.898,00637
637,132-30-426x240/00638.jpg,-1.0,0.898,00638
638,132-30-426x240/00639.jpg,-1.0,0.898,00639
639,132-30-426x240/00640.jpg,-1.0,0.898,00640
640,132-30-426x240/00641.jpg,-1.0,0.898,00641
641,132-30-426x240/00642.jpg,-1.0,0.898,00642
642,132-30-426x240/00643.jpg,-1.0,0.898,00643
643,132-30-426x240/00644.jpg,-1.0,0.898,00644
644,132-30-426x240/00645.jpg,-0.914,0.898,00645
645,132-30-426x240/00646.jpg,-0.875,0.898,00646
646,132-30-426x240/00647.jpg,-0.867,0.898,00647
647,132-30-426x240/00648.jpg,-0.867,0.898,00648
648,132-30-426x240/00649.jpg,-0.867,0.898,00649
649,132-30-426x240/00650.jpg,-0.867,0.898,00650
650,132-30-426x240/00651.jpg,-0.867,0.898,00651
651,132-30-426x240/00652.jpg,-0.867,0.898,00652
652,132-30-426x240/00653.jpg,-0.867,0.898,00653
653,132-30-426x240/00654.jpg,-0.867,0.843,00654
654,132-30-426x240/00655.jpg,-0.867,0.803,00655
655,132-30-426x240/00656.jpg,-0.867,0.709,00656
656,132-30-426x240/00657.jpg,-0.867,0.709,00657
657,132-30-426x240/00658.jpg,-0.867,0.709,00658
658,132-30-426x240/00659.jpg,-0.867,0.709,00659
659,132-30-426x240/00660.jpg,-0.867,0.709,00660
660,132-30-426x240/00661.jpg,-0.867,0.709,00661
661,132-30-426x240/00662.jpg,-0.867,0.709,00662
662,132-30-426x240/00663.jpg,-0.867,0.714,00663
663,132-30-426x240/00664.jpg,-0.899,0.709,00664
664,132-30-426x240/00665.jpg,-0.899,0.693,00665
665,132-30-426x240/00666.jpg,-0.899,0.63,00666
666,132-30-426x240/00667.jpg,-0.899,0.529,00667
667,132-30-426x240/00668.jpg,-0.899,0.381,00668
668,132-30-426x240/00669.jpg,-0.914,0.381,00669
669,132-30-426x240/00670.jpg,-0.914,0.172,00670
670,132-30-426x240/00671.jpg,-0.914,0.026,00671
671,132-30-426x240/00672.jpg,-0.93,0.0,00672
672,132-30-426x240/00673.jpg,-0.93,0.0,00673
673,132-30-426x240/00674.jpg,-0.93,0.127,00674
674,132-30-426x240/00675.jpg,-0.93,0.227,00675
675,132-30-426x240/00676.jpg,-0.93,0.334,00676
676,132-30-426x240/00677.jpg,-0.93,0.334,00677
677,132-30-426x240/00678.jpg,-0.93,0.499,00678
678,132-30-426x240/00679.jpg,-0.946,0.582,00679
679,132-30-426x240/00680.jpg,-0.946,0.63,00680
680,132-30-426x240/00681.jpg,-0.978,0.714,00681
681,132-30-426x240/00682.jpg,-0.978,0.787,00682
682,132-30-426x240/00683.jpg,-0.978,0.815,00683
683,132-30-426x240/00684.jpg,-0.978,0.858,00684
684,132-30-426x240/00685.jpg,-0.978,0.874,00685
685,132-30-426x240/00686.jpg,-0.978,0.898,00686
686,132-30-426x240/00687.jpg,-0.978,0.898,00687
687,132-30-426x240/00688.jpg,-1.0,0.898,00688
688,132-30-426x240/00689.jpg,-1.0,0.902,00689
689,132-30-426x240/00690.jpg,-1.0,0.914,00690
690,132-30-426x240/00691.jpg,-1.0,0.929,00691
691,132-30-426x240/00692.jpg,-1.0,0.929,00692
692,132-30-426x240/00693.jpg,-1.0,0.935,00693
693,132-30-426x240/00694.jpg,-1.0,0.947,00694
694,132-30-426x240/00695.jpg,-1.0,0.953,00695
695,132-30-426x240/00696.jpg,-1.0,0.969,00696
696,132-30-426x240/00697.jpg,-1.0,1.0,00697
697,132-30-426x240/00698.jpg,-1.0,1.0,00698
698,132-30-426x240/00699.jpg,-1.0,1.0,00699
699,132-30-426x240/00700.jpg,-1.0,1.0,00700
700,132-30-426x240/00701.jpg,-1.0,1.0,00701
701,132-30-426x240/00702.jpg,-1.0,1.0,00702
702,132-30-426x240/00703.jpg,-1.0,1.0,00703
703,132-30-426x240/00704.jpg,-1.0,1.0,00704
704,132-30-426x240/00705.jpg,-1.0,1.0,00705
705,132-30-426x240/00706.jpg,-1.0,1.0,00706
706,132-30-426x240/00707.jpg,-1.0,1.0,00707
707,132-30-426x240/00708.jpg,-1.0,1.0,00708
708,132-30-426x240/00709.jpg,-1.0,1.0,00709
709,132-30-426x240/00710.jpg,-1.0,1.0,00710
710,132-30-426x240/00711.jpg,-1.0,1.0,00711
711,132-30-426x240/00712.jpg,-1.0,1.0,00712
712,132-30-426x240/00713.jpg,-1.0,1.0,00713
713,132-30-426x240/00714.jpg,-1.0,1.0,00714
714,132-30-426x240/00715.jpg,-1.0,1.0,00715
715,132-30-426x240/00716.jpg,-1.0,1.0,00716
716,132-30-426x240/00717.jpg,-1.0,1.0,00717
717,132-30-426x240/00718.jpg,-1.0,1.0,00718
718,132-30-426x240/00719.jpg,-1.0,1.0,00719
719,132-30-426x240/00720.jpg,-1.0,1.0,00720
720,132-30-426x240/00721.jpg,-1.0,1.0,00721
721,132-30-426x240/00722.jpg,-1.0,1.0,00722
722,132-30-426x240/00723.jpg,-1.0,1.0,00723
723,132-30-426x240/00724.jpg,-1.0,1.0,00724
724,132-30-426x240/00725.jpg,-1.0,1.0,00725
725,132-30-426x240/00726.jpg,-1.0,1.0,00726
726,132-30-426x240/00727.jpg,-1.0,1.0,00727
727,132-30-426x240/00728.jpg,-1.0,1.0,00728
728,132-30-426x240/00729.jpg,-1.0,1.0,00729
729,132-30-426x240/00730.jpg,-1.0,1.0,00730
730,132-30-426x240/00731.jpg,-1.0,1.0,00731
731,132-30-426x240/00732.jpg,-1.0,1.0,00732
732,132-30-426x240/00733.jpg,-1.0,1.0,00733
733,132-30-426x240/00734.jpg,-1.0,1.0,00734
734,132-30-426x240/00735.jpg,-1.0,1.0,00735
735,132-30-426x240/00736.jpg,-1.0,1.0,00736
736,132-30-426x240/00737.jpg,-1.0,1.0,00737
737,132-30-426x240/00738.jpg,-1.0,1.0,00738
738,132-30-426x240/00739.jpg,-1.0,1.0,00739
739,132-30-426x240/00740.jpg,-1.0,1.0,00740
740,132-30-426x240/00741.jpg,-1.0,1.0,00741
741,132-30-426x240/00742.jpg,-1.0,1.0,00742
742,132-30-426x240/00743.jpg,-1.0,1.0,00743
743,132-30-426x240/00744.jpg,-1.0,1.0,00744
744,132-30-426x240/00745.jpg,-1.0,1.0,00745
745,132-30-426x240/00746.jpg,-1.0,1.0,00746
746,132-30-426x240/00747.jpg,-1.0,1.0,00747
747,132-30-426x240/00748.jpg,-1.0,1.0,00748
748,132-30-426x240/00749.jpg,-1.0,1.0,00749
749,132-30-426x240/00750.jpg,-1.0,1.0,00750
750,132-30-426x240/00751.jpg,-1.0,1.0,00751
751,132-30-426x240/00752.jpg,-1.0,1.0,00752
752,132-30-426x240/00753.jpg,-1.0,1.0,00753
753,132-30-426x240/00754.jpg,-1.0,1.0,00754
754,132-30-426x240/00755.jpg,-1.0,1.0,00755
755,132-30-426x240/00756.jpg,-1.0,1.0,00756
756,132-30-426x240/00757.jpg,-1.0,1.0,00757
757,132-30-426x240/00758.jpg,-1.0,1.0,00758
758,132-30-426x240/00759.jpg,-1.0,1.0,00759
759,132-30-426x240/00760.jpg,-1.0,1.0,00760
760,132-30-426x240/00761.jpg,-1.0,1.0,00761
761,132-30-426x240/00762.jpg,-1.0,1.0,00762
762,132-30-426x240/00763.jpg,-1.0,1.0,00763
763,132-30-426x240/00764.jpg,-1.0,1.0,00764
764,132-30-426x240/00765.jpg,-1.0,1.0,00765
765,132-30-426x240/00766.jpg,-1.0,1.0,00766
766,132-30-426x240/00767.jpg,-1.0,1.0,00767
767,132-30-426x240/00768.jpg,-1.0,1.0,00768
768,132-30-426x240/00769.jpg,-1.0,1.0,00769
769,132-30-426x240/00770.jpg,-1.0,1.0,00770
770,132-30-426x240/00771.jpg,-1.0,1.0,00771
771,132-30-426x240/00772.jpg,-1.0,1.0,00772
772,132-30-426x240/00773.jpg,-1.0,1.0,00773
773,132-30-426x240/00774.jpg,-1.0,1.0,00774
774,132-30-426x240/00775.jpg,-1.0,1.0,00775
775,132-30-426x240/00776.jpg,-1.0,1.0,00776
776,132-30-426x240/00777.jpg,-1.0,1.0,00777
777,132-30-426x240/00778.jpg,-1.0,1.0,00778
778,132-30-426x240/00779.jpg,-1.0,1.0,00779
779,132-30-426x240/00780.jpg,-1.0,1.0,00780
780,132-30-426x240/00781.jpg,-1.0,1.0,00781
781,132-30-426x240/00782.jpg,-1.0,1.0,00782
782,132-30-426x240/00783.jpg,-1.0,1.0,00783
783,132-30-426x240/00784.jpg,-1.0,1.0,00784
784,132-30-426x240/00785.jpg,-1.0,1.0,00785
785,132-30-426x240/00786.jpg,-1.0,1.0,00786
786,132-30-426x240/00787.jpg,-1.0,1.0,00787
787,132-30-426x240/00788.jpg,-1.0,1.0,00788
788,132-30-426x240/00789.jpg,-1.0,1.0,00789
789,132-30-426x240/00790.jpg,-1.0,1.0,00790
790,132-30-426x240/00791.jpg,-1.0,1.0,00791
791,132-30-426x240/00792.jpg,-1.0,1.0,00792
792,132-30-426x240/00793.jpg,-1.0,1.0,00793
793,132-30-426x240/00794.jpg,-1.0,1.0,00794
794,132-30-426x240/00795.jpg,-1.0,1.0,00795
795,132-30-426x240/00796.jpg,-1.0,1.0,00796
796,132-30-426x240/00797.jpg,-1.0,1.0,00797
797,132-30-426x240/00798.jpg,-1.0,1.0,00798
798,132-30-426x240/00799.jpg,-1.0,1.0,00799
799,132-30-426x240/00800.jpg,-1.0,1.0,00800
800,132-30-426x240/00801.jpg,-1.0,1.0,00801
801,132-30-426x240/00802.jpg,-1.0,1.0,00802
802,132-30-426x240/00803.jpg,-1.0,1.0,00803
803,132-30-426x240/00804.jpg,-1.0,1.0,00804
804,132-30-426x240/00805.jpg,-1.0,1.0,00805
805,132-30-426x240/00806.jpg,-1.0,1.0,00806
806,132-30-426x240/00807.jpg,-1.0,1.0,00807
807,132-30-426x240/00808.jpg,-1.0,1.0,00808
808,132-30-426x240/00809.jpg,-1.0,1.0,00809
809,132-30-426x240/00810.jpg,-1.0,1.0,00810
810,132-30-426x240/00811.jpg,-1.0,1.0,00811
811,132-30-426x240/00812.jpg,-1.0,1.0,00812
812,132-30-426x240/00813.jpg,-1.0,1.0,00813
813,132-30-426x240/00814.jpg,-1.0,1.0,00814
814,132-30-426x240/00815.jpg,-1.0,1.0,00815
815,132-30-426x240/00816.jpg,-1.0,1.0,00816
816,132-30-426x240/00817.jpg,-1.0,1.0,00817
817,132-30-426x240/00818.jpg,-1.0,1.0,00818
818,132-30-426x240/00819.jpg,-1.0,1.0,00819
819,132-30-426x240/00820.jpg,-1.0,1.0,00820
820,132-30-426x240/00821.jpg,-1.0,1.0,00821
821,132-30-426x240/00822.jpg,-1.0,1.0,00822
822,132-30-426x240/00823.jpg,-1.0,1.0,00823
823,132-30-426x240/00824.jpg,-1.0,1.0,00824
824,132-30-426x240/00825.jpg,-1.0,1.0,00825
825,132-30-426x240/00826.jpg,-1.0,1.0,00826
826,132-30-426x240/00827.jpg,-1.0,1.0,00827
827,132-30-426x240/00828.jpg,-1.0,1.0,00828
828,132-30-426x240/00829.jpg,-1.0,1.0,00829
829,132-30-426x240/00830.jpg,-1.0,1.0,00830
830,132-30-426x240/00831.jpg,-1.0,1.0,00831
831,132-30-426x240/00832.jpg,-1.0,1.0,00832
832,132-30-426x240/00833.jpg,-1.0,1.0,00833
833,132-30-426x240/00834.jpg,-1.0,1.0,00834
834,132-30-426x240/00835.jpg,-1.0,1.0,00835
835,132-30-426x240/00836.jpg,-1.0,1.0,00836
836,132-30-426x240/00837.jpg,-1.0,1.0,00837
837,132-30-426x240/00838.jpg,-1.0,1.0,00838
838,132-30-426x240/00839.jpg,-1.0,1.0,00839
839,132-30-426x240/00840.jpg,-1.0,1.0,00840
840,132-30-426x240/00841.jpg,-1.0,1.0,00841
841,132-30-426x240/00842.jpg,-1.0,1.0,00842
842,132-30-426x240/00843.jpg,-1.0,1.0,00843
843,132-30-426x240/00844.jpg,-1.0,1.0,00844
844,132-30-426x240/00845.jpg,-1.0,1.0,00845
845,132-30-426x240/00846.jpg,-1.0,1.0,00846
846,132-30-426x240/00847.jpg,-1.0,1.0,00847
847,132-30-426x240/00848.jpg,-1.0,1.0,00848
848,132-30-426x240/00849.jpg,-1.0,1.0,00849
849,132-30-426x240/00850.jpg,-1.0,1.0,00850
850,132-30-426x240/00851.jpg,-1.0,1.0,00851
851,132-30-426x240/00852.jpg,-1.0,1.0,00852
852,132-30-426x240/00853.jpg,-1.0,1.0,00853
853,132-30-426x240/00854.jpg,-1.0,1.0,00854
854,132-30-426x240/00855.jpg,-1.0,1.0,00855
855,132-30-426x240/00856.jpg,-1.0,1.0,00856
856,132-30-426x240/00857.jpg,-1.0,1.0,00857
857,132-30-426x240/00858.jpg,-1.0,1.0,00858
858,132-30-426x240/00859.jpg,-1.0,0.953,00859
859,132-30-426x240/00860.jpg,-1.0,0.953,00860
860,132-30-426x240/00861.jpg,-1.0,0.953,00861
861,132-30-426x240/00862.jpg,-1.0,0.929,00862
862,132-30-426x240/00863.jpg,-0.914,0.929,00863
863,132-30-426x240/00864.jpg,-0.914,0.929,00864
864,132-30-426x240/00865.jpg,-0.899,0.929,00865
865,132-30-426x240/00866.jpg,-0.899,0.929,00866
866,132-30-426x240/00867.jpg,-0.883,0.914,00867
867,132-30-426x240/00868.jpg,-0.883,0.914,00868
868,132-30-426x240/00869.jpg,-0.867,0.914,00869
869,132-30-426x240/00870.jpg,-0.867,0.914,00870
870,132-30-426x240/00871.jpg,-0.847,0.914,00871
871,132-30-426x240/00872.jpg,-0.819,0.914,00872
872,132-30-426x240/00873.jpg,-0.819,0.914,00873
873,132-30-426x240/00874.jpg,-0.819,0.914,00874
874,132-30-426x240/00875.jpg,-0.819,0.914,00875
875,132-30-426x240/00876.jpg,-0.819,0.914,00876
876,132-30-426x240/00877.jpg,-0.819,0.914,00877
877,132-30-426x240/00878.jpg,-0.819,0.914,00878
878,132-30-426x240/00879.jpg,-0.819,0.914,00879
879,132-30-426x240/00880.jpg,-0.819,0.914,00880
880,132-30-426x240/00881.jpg,-0.788,0.914,00881
881,132-30-426x240/00882.jpg,-0.788,0.914,00882
882,132-30-426x240/00883.jpg,-0.756,0.929,00883
883,132-30-426x240/00884.jpg,-0.756,0.953,00884
884,132-30-426x240/00885.jpg,-0.756,0.969,00885
885,132-30-426x240/00886.jpg,-0.756,0.969,00886
886,132-30-426x240/00887.jpg,-0.756,0.969,00887
887,132-30-426x240/00888.jpg,-0.756,0.969,00888
888,132-30-426x240/00889.jpg,-0.756,0.969,00889
889,132-30-426x240/00890.jpg,-0.756,0.969,00890
890,132-30-426x240/00891.jpg,-0.756,0.969,00891
891,132-30-426x240/00892.jpg,-0.756,0.969,00892
892,132-30-426x240/00893.jpg,-0.756,0.969,00893
893,132-30-426x240/00894.jpg,-0.756,0.969,00894
894,132-30-426x240/00895.jpg,-0.756,0.969,00895
895,132-30-426x240/00896.jpg,-0.756,0.969,00896
896,132-30-426x240/00897.jpg,-0.756,0.969,00897
897,132-30-426x240/00898.jpg,-0.756,0.969,00898
898,132-30-426x240/00899.jpg,-0.756,0.969,00899
899,132-30-426x240/00900.jpg,-0.8,0.969,00900
900,132-30-426x240/00901.jpg,-0.8,0.969,00901
901,132-30-426x240/00902.jpg,-0.851,0.969,00902
902,132-30-426x240/00903.jpg,-0.867,0.969,00903
903,132-30-426x240/00904.jpg,-0.867,0.969,00904
904,132-30-426x240/00905.jpg,-0.867,0.969,00905
905,132-30-426x240/00906.jpg,-0.867,0.969,00906
906,132-30-426x240/00907.jpg,-0.867,0.969,00907
907,132-30-426x240/00908.jpg,-0.867,0.969,00908
908,132-30-426x240/00909.jpg,-0.867,0.969,00909
909,132-30-426x240/00910.jpg,-0.867,0.969,00910
910,132-30-426x240/00911.jpg,-0.867,0.969,00911
911,132-30-426x240/00912.jpg,-0.867,0.941,00912
912,132-30-426x240/00913.jpg,-0.867,0.929,00913
913,132-30-426x240/00914.jpg,-0.867,0.929,00914
914,132-30-426x240/00915.jpg,-0.867,0.929,00915
915,132-30-426x240/00916.jpg,-0.867,0.929,00916
916,132-30-426x240/00917.jpg,-0.867,0.929,00917
917,132-30-426x240/00918.jpg,-0.867,0.929,00918
918,132-30-426x240/00919.jpg,-0.867,0.929,00919
919,132-30-426x240/00920.jpg,-0.867,0.929,00920
920,132-30-426x240/00921.jpg,-0.867,0.929,00921
921,132-30-426x240/00922.jpg,-0.867,0.929,00922
922,132-30-426x240/00923.jpg,-0.867,0.929,00923
923,132-30-426x240/00924.jpg,-0.867,0.929,00924
924,132-30-426x240/00925.jpg,-0.867,0.929,00925
925,132-30-426x240/00926.jpg,-0.867,0.929,00926
926,132-30-426x240/00927.jpg,-0.867,0.929,00927
927,132-30-426x240/00928.jpg,-0.867,0.929,00928
928,132-30-426x240/00929.jpg,-0.867,0.929,00929
929,132-30-426x240/00930.jpg,-0.867,0.929,00930
930,132-30-426x240/00931.jpg,-0.867,0.929,00931
931,132-30-426x240/00932.jpg,-0.867,0.929,00932
932,132-30-426x240/00933.jpg,-0.867,0.929,00933
933,132-30-426x240/00934.jpg,-0.867,0.929,00934
934,132-30-426x240/00935.jpg,-0.867,0.929,00935
935,132-30-426x240/00936.jpg,-0.867,0.929,00936
936,132-30-426x240/00937.jpg,-0.867,0.914,00937
937,132-30-426x240/00938.jpg,-0.867,0.914,00938
938,132-30-426x240/00939.jpg,-0.867,0.914,00939
939,132-30-426x240/00940.jpg,-0.867,0.914,00940
940,132-30-426x240/00941.jpg,-0.867,0.914,00941
941,132-30-426x240/00942.jpg,-0.867,0.914,00942
942,132-30-426x240/00943.jpg,-0.867,0.914,00943
943,132-30-426x240/00944.jpg,-0.867,0.914,00944
944,132-30-426x240/00945.jpg,-0.867,0.914,00945
945,132-30-426x240/00946.jpg,-0.867,0.914,00946
946,132-30-426x240/00947.jpg,-0.867,0.914,00947
947,132-30-426x240/00948.jpg,-0.867,0.914,00948
948,132-30-426x240/00949.jpg,-0.867,0.898,00949
949,132-30-426x240/00950.jpg,-0.867,0.898,00950
950,132-30-426x240/00951.jpg,-0.867,0.898,00951
951,132-30-426x240/00952.jpg,-0.867,0.898,00952
952,132-30-426x240/00953.jpg,-0.867,0.898,00953
953,132-30-426x240/00954.jpg,-0.867,0.898,00954
954,132-30-426x240/00955.jpg,-0.867,0.898,00955
955,132-30-426x240/00956.jpg,-0.867,0.898,00956
956,132-30-426x240/00957.jpg,-0.867,0.898,00957
957,132-30-426x240/00958.jpg,-0.867,0.898,00958
958,132-30-426x240/00959.jpg,-0.867,0.898,00959
959,132-30-426x240/00960.jpg,-0.867,0.898,00960
960,132-30-426x240/00961.jpg,-0.867,0.898,00961
961,132-30-426x240/00962.jpg,-0.867,0.898,00962
962,132-30-426x240/00963.jpg,-0.867,0.898,00963
963,132-30-426x240/00964.jpg,-0.867,0.898,00964
964,132-30-426x240/00965.jpg,-0.867,0.898,00965
965,132-30-426x240/00966.jpg,-0.867,0.898,00966
966,132-30-426x240/00967.jpg,-0.867,0.898,00967
967,132-30-426x240/00968.jpg,-0.867,0.898,00968
968,132-30-426x240/00969.jpg,-0.867,0.898,00969
969,132-30-426x240/00970.jpg,-0.867,0.898,00970
970,132-30-426x240/00971.jpg,-0.867,0.898,00971
971,132-30-426x240/00972.jpg,-0.867,0.898,00972
972,132-30-426x240/00973.jpg,-0.867,0.898,00973
973,132-30-426x240/00974.jpg,-0.867,0.898,00974
974,132-30-426x240/00975.jpg,-0.867,0.898,00975
975,132-30-426x240/00976.jpg,-0.867,0.898,00976
976,132-30-426x240/00977.jpg,-0.867,0.898,00977
977,132-30-426x240/00978.jpg,-0.867,0.898,00978
978,132-30-426x240/00979.jpg,-0.867,0.898,00979
979,132-30-426x240/00980.jpg,-0.867,0.898,00980
980,132-30-426x240/00981.jpg,-0.867,0.898,00981
981,132-30-426x240/00982.jpg,-0.867,0.898,00982
982,132-30-426x240/00983.jpg,-0.867,0.898,00983
983,132-30-426x240/00984.jpg,-0.867,0.898,00984
984,132-30-426x240/00985.jpg,-0.867,0.898,00985
985,132-30-426x240/00986.jpg,-0.867,0.898,00986
986,132-30-426x240/00987.jpg,-0.867,0.898,00987
987,132-30-426x240/00988.jpg,-0.867,0.898,00988
988,132-30-426x240/00989.jpg,-0.883,0.898,00989
989,132-30-426x240/00990.jpg,-0.899,0.898,00990
990,132-30-426x240/00991.jpg,-0.914,0.898,00991
991,132-30-426x240/00992.jpg,-0.978,0.898,00992
